{"cameraMode":{"drawMode":0,"name":"Shaded","section":"Shading Mode"},"sceneLighting":false,"audioPlay":false,"sceneViewState":{"m_AlwaysRefresh":false,"showFog":false,"showSkybox":false,"showFlares":false,"showImageEffects":false,"showParticleSystems":false,"showVisualEffectGraphs":true,"m_FxEnabled":true},"in2DMode":false,"pivot":{"x":-0.006599903106689453,"y":6.429100036621094,"z":-0.3559499979019165},"rotation":{"x":0.000024765648049651645,"y":0.9997732639312744,"z":0.0012000580318272114,"w":-0.021598707884550096},"size":9.753911972045899,"orthographic":false}